Алматы Жамбыла 124/126,https://go.2gis.com/s0vnp
Алматы Шагабутдинова 128,https://go.2gis.com/74qpqt
Алматы Шагабутдинова 126,https://go.2gis.com/1mfqp
Алматы Шагабутдинова 132,https://go.2gis.com/xen2mq
N,o, ,l,i,n,k
N,o, ,l,i,n,k
Алматы Шевченко 119,https://go.2gis.com/j7v0o
N,o, ,l,i,n,k
N,o, ,l,i,n,k
N,o, ,l,i,n,k
N,o, ,l,i,n,k
N,o, ,l,i,n,k
Алматы Жамбыла 172А,https://go.2gis.com/izyx3
Алматы Жамбыла 172В,https://go.2gis.com/dxz3m
Алматы Жамбыла 172Г,https://go.2gis.com/54kcn
N,o, ,l,i,n,k
Алматы Жамбыла 174А,https://go.2gis.com/h14ajt7
Алматы Жамбыла 174Б,https://go.2gis.com/jikcd
N,o, ,l,i,n,k
N,o, ,l,i,n,k
Алматы Жамбыла 176А/1,https://go.2gis.com/41flh
Алматы Жамбыла 176Б/1,https://go.2gis.com/5ftrv
Алматы Жамбыла 176Б/2,https://go.2gis.com/lclaw
Алматы Жамбыла 176В,https://go.2gis.com/a750qa
Алматы Жамбыла 178,https://go.2gis.com/tnveb
N,o, ,l,i,n,k
Алматы Жамбыла 180Б,https://go.2gis.com/ay7xrv
Алматы Жамбыла 180Е,https://go.2gis.com/7sen8
Алматы Жамбыла 182,https://go.2gis.com/dtnqn
Алматы Шевченко 147А,https://go.2gis.com/7byh2
Алматы Шевченко 147Б,https://go.2gis.com/bhutz
Алматы Шевченко 147В,https://go.2gis.com/h7dyh
Алматы Шевченко 147Г,https://go.2gis.com/a865e7
Алматы Шевченко 147Д,https://go.2gis.com/q7i8p
Алматы Шевченко 147Е,https://go.2gis.com/u1yfp
Алматы Шевченко 147К,https://go.2gis.com/zz3zps
Алматы Жамбыла 166,https://go.2gis.com/mjurh
Алматы Жамбыла 168,https://go.2gis.com/eibs9
Алматы Жамбыла 168А,https://go.2gis.com/m0ogw
Алматы Байзакова 246,https://go.2gis.com/lik2y5
Алматы Байзакова 248,https://go.2gis.com/3421ec
N,o, ,l,i,n,k
Алматы Байзакова 252,https://go.2gis.com/g5qlt
Алматы Байзакова 250,https://go.2gis.com/wme9g
Алматы Варламова 50А,https://go.2gis.com/hj395
N,o, ,l,i,n,k
Алматы Досмухамедова 42,https://go.2gis.com/8ad6ji
Алматы Казыбек би 104,https://go.2gis.com/paq9p
N,o, ,l,i,n,k
N,o, ,l,i,n,k
Алматы Торекулова 66,https://go.2gis.com/dlwhx
Алматы Сейфуллина 473В,https://go.2gis.com/yqhpbu
N,o, ,l,i,n,k
Алматы Сейфуллина 469,https://go.2gis.com/p0a4r
Алматы Тлендиева 2Е,https://go.2gis.com/q4w3w8
Алматы Тлендиева 2В,https://go.2gis.com/ht73d
N,o, ,l,i,n,k
Алматы Тлендиева 2Б,https://go.2gis.com/u4jpq
N,o, ,l,i,n,k
N,o, ,l,i,n,k
N,o, ,l,i,n,k
N,o, ,l,i,n,k
Алматы Богенбай батыра 245,https://go.2gis.com/xi4ptp
N,o, ,l,i,n,k
N,o, ,l,i,n,k
N,o, ,l,i,n,k
N,o, ,l,i,n,k
Алматы Казыбек би 127,https://go.2gis.com/0exo3n
Алматы Кашгарская 61А,https://go.2gis.com/s6103p
Алматы Масанчи 23А,https://go.2gis.com/py10p
Алматы Панфилова 61,https://go.2gis.com/mevgzw
N,o, ,l,i,n,k
N,o, ,l,i,n,k
Алматы Райымбека 174Г,https://go.2gis.com/sf9ux
Алматы Сейфуллина 518,https://go.2gis.com/l9k7b
Алматы Сейфуллина 553,https://go.2gis.com/cgehu
Алматы Шагабутдинова 9А,https://go.2gis.com/n8h3n
